"","gender","row","seat","instructor","classid","time","att","class","material","teacher"
"1","f",1,3,"P",2,1,7,7,8,7
"2","f",1,3,"P",2,2,8,6,9,8
"3","f",1,3,"P",2,3,8,7,6,9
"4","f",1,3,"P",2,4,6,6,5,7
"5","f",1,3,"R",4,1,8.5,6,8,8
"6","f",1,3,"R",4,2,9,5,7,7
"7","f",1,3,"R",4,3,8,5,7,6
"8","f",1,3,"R",4,4,6.5,7,5,6
"9","f",1,3,"R",5,1,8,8,7,6
"10","f",1,3,"R",5,2,7,4,6.5,5.5
"11","f",1,3,"R",5,3,8,5,7,7
"12","f",1,3,"R",5,4,9,7,8,9
"13","f",1,4,"P",2,1,6,7,6,7
"14","f",1,4,"P",2,2,7,7,7,7
"15","f",1,4,"P",2,3,8,7,7,7
"16","f",1,4,"P",2,4,6,7,6,6
"17","f",1,4,"R",4,1,7.5,7,6,6.5
"18","f",1,4,"R",4,2,6,7,8,8
"19","f",1,4,"R",4,3,7.5,7,8,8
"20","f",1,4,"R",4,4,4.5,7,6.5,6.5
"21","f",1,4,"R",5,1,7.5,6,9,8.5
"22","f",1,4,"R",5,2,7.5,6,8,6.5
"23","f",1,4,"R",5,3,4,6,4,6
"24","f",1,4,"R",5,4,4,6,6,6
"25","f",1,8,"R",5,1,8,9,10,9
"26","f",1,8,"R",5,2,10,8,10,9
"27","f",1,8,"R",5,3,8,9,9,9
"28","f",1,8,"R",5,4,9,9,10,9
"29","f",2,2,"P",0,1,9,10,6,10
"30","f",2,2,"P",0,2,8,8,9,10
"31","f",2,2,"P",0,3,10,9,10,10
"32","f",2,2,"P",0,4,10,8,10,10
"33","f",2,4,"P",2,1,3,5,4,6
"34","f",2,4,"P",2,2,5,5,5,6
"35","f",2,4,"P",2,3,3,4,3,6
"36","f",2,4,"P",2,4,3,4,4,6
"37","f",2,4,"R",4,1,7,7,7,8
"38","f",2,4,"R",4,2,7,5.5,5,8
"39","f",2,4,"R",4,3,6,5.5,8,7
"40","f",2,4,"R",4,4,8,5,8.5,8
"41","f",2,5,"P",1,1,8,8,9,7
"42","f",2,5,"P",1,2,9,9,9,9
"43","f",2,5,"P",1,3,8,9,8,7
"44","f",2,5,"P",1,4,NA,NA,NA,NA
"45","f",2,6,"P",0,1,8,8,9,9
"46","f",2,6,"P",0,2,7,8,9,9
"47","f",2,6,"P",0,3,9,9,8,6
"48","f",2,6,"P",0,4,6,8,6,7
"49","f",2,6,"P",1,1,10,9,10,9
"50","f",2,6,"P",1,2,8,8,10,8
"51","f",2,6,"P",1,3,7,7,9,7
"52","f",2,6,"P",1,4,NA,NA,NA,NA
"53","f",2,7,"P",0,1,8,8,9,9
"54","f",2,7,"P",0,2,7,7,8,9
"55","f",2,7,"P",0,3,8,7,9,9
"56","f",2,7,"P",0,4,9,8,10,9
"57","f",2,7,"P",1,1,7,8,8,8
"58","f",2,7,"P",1,2,9,8,9,9
"59","f",2,7,"P",1,3,8,7,7,8
"60","f",2,7,"P",1,4,NA,NA,NA,NA
"61","f",2,8,"P",0,1,9,8,8,9
"62","f",2,8,"P",0,2,8,8,8,9
"63","f",2,8,"P",0,3,7,7,8,8
"64","f",2,8,"P",0,4,8,7,9,8
"65","f",2,8,"P",3,1,9,9,9,8
"66","f",2,8,"P",3,2,8,7,9,8
"67","f",2,8,"P",3,3,8,8,8,7
"68","f",2,8,"P",3,4,NA,NA,NA,NA
"69","f",2,9,"P",3,1,6,6,8,7
"70","f",2,9,"P",3,2,5,6,8,7
"71","f",2,9,"P",3,3,6,7,6,6
"72","f",2,9,"P",3,4,NA,NA,NA,NA
"73","f",2,10,"R",4,1,8.5,7,9,6
"74","f",2,10,"R",4,2,8.5,7,9,7.5
"75","f",2,10,"R",4,3,7.5,7,9,8
"76","f",2,10,"R",4,4,7.5,7,9,8
"77","f",2,10,"R",5,1,8,8.5,7,7
"78","f",2,10,"R",5,2,8.2,9,6,6
"79","f",2,10,"R",5,3,8.5,9,9,7.5
"80","f",2,10,"R",5,4,9,9,10,9
"81","f",2,10,"R",6,1,6,6,7,8
"82","f",2,10,"R",6,2,8,7,10,6
"83","f",2,10,"R",6,3,6,6,8,8
"84","f",2,10,"R",6,4,7,7,10,7
"85","f",2,11,"P",2,1,9,8,9,9
"86","f",2,11,"P",2,2,9,9,7,8
"87","f",2,11,"P",2,3,9,8,5,9
"88","f",2,11,"P",2,4,7,8,7,8
"89","f",2,11,"R",6,1,6.5,6,6.5,8.5
"90","f",2,11,"R",6,2,8.5,6,8,9.5
"91","f",2,11,"R",6,3,7.5,6,9,9
"92","f",2,11,"R",6,4,8.5,6,9.5,9
"93","f",2,12,"P",0,1,2,5,4,7
"94","f",2,12,"P",0,2,1,3,4,7
"95","f",2,12,"P",0,3,10,9,3,1
"96","f",2,12,"P",0,4,1,6,3,8
"97","f",2,12,"R",5,1,9,7,9.5,9
"98","f",2,12,"R",5,2,8.5,7,8,9
"99","f",2,12,"R",5,3,6.5,7,8,9
"100","f",2,12,"R",5,4,9,7,9,9
"101","f",2,13,"R",5,1,10,8,10,10
"102","f",2,13,"R",5,2,10,7,10,10
"103","f",2,13,"R",5,3,10,7,10,10
"104","f",2,13,"R",5,4,10,8,10,10
"105","f",3,2,"P",0,1,7,8,7,10
"106","f",3,2,"P",0,2,9,9,8,10
"107","f",3,2,"P",0,3,7,7,9,8
"108","f",3,2,"P",0,4,10,9,8,8
"109","f",3,3,"P",1,1,6,6,8,6
"110","f",3,3,"P",1,2,6,6,8,7
"111","f",3,3,"P",1,3,5,6,7,6
"112","f",3,3,"P",1,4,NA,NA,NA,NA
"113","f",3,3,"P",3,1,10,9,9,10
"114","f",3,3,"P",3,2,10,10,8,10
"115","f",3,3,"P",3,3,8,8,5,9
"116","f",3,3,"P",3,4,NA,NA,NA,NA
"117","f",3,3,"R",4,1,10,8,8,10
"118","f",3,3,"R",4,2,10,8,9,10
"119","f",3,3,"R",4,3,8,7,7,9
"120","f",3,3,"R",4,4,8,7,7,9
"121","f",3,3,"R",5,1,8,7,8,8
"122","f",3,3,"R",5,2,3,8,8,8
"123","f",3,3,"R",5,3,3,8,8,8
"124","f",3,3,"R",5,4,7,8,8,8
"125","f",3,4,"P",2,1,2,7,6,8
"126","f",3,4,"P",2,2,7,6,7,6
"127","f",3,4,"P",2,3,7,6,5,7
"128","f",3,4,"P",2,4,6,4,8,7
"129","f",3,4,"P",3,1,10,9,8,10
"130","f",3,4,"P",3,2,9,8,8,9
"131","f",3,4,"P",3,3,8,8,7,8
"132","f",3,4,"P",3,4,NA,NA,NA,NA
"133","f",3,4,"R",4,1,10,9,9,9
"134","f",3,4,"R",4,2,9,9,9,9
"135","f",3,4,"R",4,3,10,9,9,9
"136","f",3,4,"R",4,4,10,9,9,9
"137","f",3,4,"R",5,1,7.5,6.5,6.5,8.5
"138","f",3,4,"R",5,2,8,8.5,8.5,8.5
"139","f",3,4,"R",5,3,7.5,8.5,8.5,8.5
"140","f",3,4,"R",5,4,8,8.5,8.5,9.5
"141","f",3,4,"R",6,1,5,6,8,6
"142","f",3,4,"R",6,2,7,7,4,8
"143","f",3,4,"R",6,3,5,7,5,7
"144","f",3,4,"R",6,4,2,6,8,8
"145","f",3,6,"P",2,1,8,7,8,9
"146","f",3,6,"P",2,2,6,5,6,7
"147","f",3,6,"P",2,3,5,5,5,7
"148","f",3,6,"P",2,4,5,4,4,6
"149","f",3,6,"R",5,1,9,8,9,8
"150","f",3,6,"R",5,2,9,9,9,9
"151","f",3,6,"R",5,3,7,9,9,9
"152","f",3,6,"R",5,4,9,9,9,9
"153","f",3,7,"P",2,1,8,8,7,9
"154","f",3,7,"P",2,2,7,8,6,8
"155","f",3,7,"P",2,3,7,8,8,8
"156","f",3,7,"P",2,4,8,8,8,8
"157","f",3,7,"R",4,1,7,5,7,7
"158","f",3,7,"R",4,2,8,6,8,8
"159","f",3,7,"R",4,3,6,4,7,7
"160","f",3,7,"R",4,4,6,4,7,7
"161","f",3,8,"P",2,1,4,4,8,8
"162","f",3,8,"P",2,2,3,5,6,8
"163","f",3,8,"P",2,3,2,5,5,8
"164","f",3,8,"P",2,4,2,6,6,8
"165","f",3,9,"R",4,1,6.5,8.5,8.5,8.5
"166","f",3,9,"R",4,2,8.5,8.5,8.5,7.5
"167","f",3,9,"R",4,3,4.5,6.5,8.5,7.5
"168","f",3,9,"R",4,4,4.5,7.5,8.5,7.5
"169","f",3,10,"P",2,1,3,4,7,8
"170","f",3,10,"P",2,2,5,5,8,8
"171","f",3,10,"P",2,3,7,6,8,8
"172","f",3,10,"P",2,4,7,7,8,8
"173","f",3,10,"R",4,1,8,7,8,8
"174","f",3,10,"R",4,2,8,7,7,8
"175","f",3,10,"R",4,3,7,8,8,8
"176","f",3,10,"R",4,4,6,7,8,8
"177","f",3,10,"R",5,1,8,8,8,8
"178","f",3,10,"R",5,2,8,8,8,8
"179","f",3,10,"R",5,3,7,7,7,8
"180","f",3,10,"R",5,4,8,8,8,8
"181","f",3,11,"P",2,1,10,10,10,10
"182","f",3,11,"P",2,2,8,9,10,10
"183","f",3,11,"P",2,3,9,9,10,10
"184","f",3,11,"P",2,4,9,9,10,10
"185","f",3,11,"R",5,1,6.5,7.5,6.5,7.5
"186","f",3,11,"R",5,2,6.5,7.5,6.5,7.5
"187","f",3,11,"R",5,3,6.5,7.5,6.5,7.5
"188","f",3,11,"R",5,4,6.5,7.5,6.5,7.5
"189","f",3,12,"R",4,1,7,6,9,10
"190","f",3,12,"R",4,2,8,9,9,10
"191","f",3,12,"R",4,3,9,6,9,10
"192","f",3,12,"R",4,4,3,6,9,10
"193","f",3,13,"P",1,1,8,8,10,9
"194","f",3,13,"P",1,2,8,8,10,8
"195","f",3,13,"P",1,3,8,8,9,7
"196","f",3,13,"P",1,4,NA,NA,NA,NA
"197","f",3,14,"R",4,1,9,8,9,9
"198","f",3,14,"R",4,2,8,7,9,9
"199","f",3,14,"R",4,3,8,7,9,9
"200","f",3,14,"R",4,4,9,8,9,9
"201","f",3,15,"P",0,1,6,6,4,7
"202","f",3,15,"P",0,2,7,6,4,7
"203","f",3,15,"P",0,3,3,5,5,7
"204","f",3,15,"P",0,4,4,6,6,8
"205","f",3,15,"P",1,1,7,7,8,6
"206","f",3,15,"P",1,2,6,7,7,6
"207","f",3,15,"P",1,3,7,8,7,8
"208","f",3,15,"P",1,4,NA,NA,NA,NA
"209","f",4,1,"P",0,1,7,7,7,9
"210","f",4,1,"P",0,2,6,6,7,9
"211","f",4,1,"P",0,3,8,8,7,3
"212","f",4,1,"P",0,4,9,8,7,8
"213","f",4,1,"R",6,1,6,7,8,9
"214","f",4,1,"R",6,2,9,9,9,10
"215","f",4,1,"R",6,3,9,7,9,9
"216","f",4,1,"R",6,4,9,7,9,9
"217","f",4,2,"P",2,1,8,7,7,8
"218","f",4,2,"P",2,2,7,6,7,8
"219","f",4,2,"P",2,3,5,4,5,6
"220","f",4,2,"P",2,4,4,5,5,6
"221","f",4,2,"P",3,1,6,9,8,9
"222","f",4,2,"P",3,2,7,9,8,9
"223","f",4,2,"P",3,3,7,8,6,9
"224","f",4,2,"P",3,4,NA,NA,NA,NA
"225","f",4,2,"R",5,1,8,5,8,8
"226","f",4,2,"R",5,2,8,6,9,9
"227","f",4,2,"R",5,3,9,6,9,9
"228","f",4,2,"R",5,4,9,6,9,9
"229","f",4,2,"R",6,1,4,5,5,7
"230","f",4,2,"R",6,2,8,8,9,9
"231","f",4,2,"R",6,3,7,6,8,8
"232","f",4,2,"R",6,4,9,8,8,8
"233","f",4,3,"P",2,1,7,6,8,9
"234","f",4,3,"P",2,2,8,5,8,7
"235","f",4,3,"P",2,3,8,8,8,9
"236","f",4,3,"P",2,4,8,8,8,8
"237","f",4,5,"R",4,1,9,7,8,8
"238","f",4,5,"R",4,2,6,7,7,8
"239","f",4,5,"R",4,3,7,7,8,8
"240","f",4,5,"R",4,4,7,7,8,8
"241","f",4,6,"P",0,1,9,8,7,9
"242","f",4,6,"P",0,2,9,8,6,9
"243","f",4,6,"P",0,3,9,7,6,1
"244","f",4,6,"P",0,4,9,8,6,9
"245","f",4,6,"P",1,1,6,6,8,5
"246","f",4,6,"P",1,2,4,5,8,5
"247","f",4,6,"P",1,3,3,5,8,5
"248","f",4,6,"P",1,4,NA,NA,NA,NA
"249","f",4,7,"P",0,1,8,9,6,6
"250","f",4,7,"P",0,2,7,7,6,6
"251","f",4,7,"P",0,3,5,5,6,6
"252","f",4,7,"P",0,4,7,7,7,6
"253","f",4,7,"R",4,1,7,9,9,9
"254","f",4,7,"R",4,2,9,9,9,10
"255","f",4,7,"R",4,3,8,9,9,9
"256","f",4,7,"R",4,4,9,9,9,9
"257","f",4,8,"R",4,1,10,8,9,10
"258","f",4,8,"R",4,2,10,8,9,10
"259","f",4,8,"R",4,3,9,7,9,9
"260","f",4,8,"R",4,4,10,7,9,9
"261","f",4,9,"R",5,1,10,7.5,10,10
"262","f",4,9,"R",5,2,10,10,7.5,9.5
"263","f",4,9,"R",5,3,10,9.5,9.5,9.5
"264","f",4,9,"R",5,4,9.5,6.5,10,8
"265","f",4,10,"P",2,1,7,8,7,8
"266","f",4,10,"P",2,2,7,7,8,8
"267","f",4,10,"P",2,3,8,8,8,9
"268","f",4,10,"P",2,4,8,8,8,8
"269","f",4,10,"P",3,1,2,NA,9,9
"270","f",4,10,"P",3,2,2,NA,9,9
"271","f",4,10,"P",3,3,3,NA,9,9
"272","f",4,10,"P",3,4,NA,NA,NA,NA
"273","f",4,11,"P",3,1,8,NA,7,7
"274","f",4,11,"P",3,2,6,NA,5,6
"275","f",4,11,"P",3,3,6,NA,5,6
"276","f",4,11,"P",3,4,NA,NA,NA,NA
"277","f",4,13,"P",0,1,8,7,7,8
"278","f",4,13,"P",0,2,6,NA,6,8
"279","f",4,13,"P",0,3,8,NA,7,7
"280","f",4,13,"P",0,4,8,NA,6,7
"281","f",4,14,"P",0,1,6,7,8,9
"282","f",4,14,"P",0,2,6,8,9,9
"283","f",4,14,"P",0,3,6,NA,9,9
"284","f",4,14,"P",0,4,6,NA,8,9
"285","f",4,15,"P",0,1,8,8,7,9
"286","f",4,15,"P",0,2,6,6,2,7
"287","f",4,15,"P",0,3,8,7,4,5
"288","f",4,15,"P",0,4,2,4,1,3
"289","f",5,1,"P",3,1,4,7,5,7
"290","f",5,1,"P",3,2,2,6,2,7
"291","f",5,1,"P",3,3,2,6,1,7
"292","f",5,1,"P",3,4,NA,NA,NA,NA
"293","f",5,10,"R",4,1,7,8,9,8
"294","f",5,10,"R",4,2,9,9,9,8
"295","f",5,10,"R",4,3,9,9,9,8
"296","f",5,10,"R",4,4,7,7,5,8
"297","f",5,10,"R",5,1,6,10,7,9
"298","f",5,10,"R",5,2,6,8,7,9
"299","f",5,10,"R",5,3,9,8,9,9
"300","f",5,10,"R",5,4,10,9,8,10
"301","f",6,5,"P",3,1,5,5,6,6
"302","f",6,5,"P",3,2,6,5,6,7
"303","f",6,5,"P",3,3,6,5,5,5
"304","f",6,5,"P",3,4,NA,NA,NA,NA
"305","f",6,6,"P",3,1,8,5,8,10
"306","f",6,6,"P",3,2,8,7,6,10
"307","f",6,6,"P",3,3,1,1,5,6
"308","f",6,6,"P",3,4,NA,NA,NA,NA
"309","f",6,7,"P",3,1,7,6,4,5
"310","f",6,7,"P",3,2,5,6,3,6
"311","f",6,7,"P",3,3,4,5,3,6
"312","f",6,7,"P",3,4,NA,NA,NA,NA
"313","m",1,2,"P",2,1,9,8,9,9
"314","m",1,2,"P",2,2,9,8,8,8
"315","m",1,2,"P",2,3,7,6,6,7
"316","m",1,2,"P",2,4,5,7,7,8
"317","m",1,5,"R",5,1,8,8,9,7
"318","m",1,5,"R",5,2,8,7,10,8
"319","m",1,5,"R",5,3,7,7,8,8
"320","m",1,5,"R",5,4,8,8,9,9
"321","m",1,7,"P",2,1,8,7,8,7
"322","m",1,7,"P",2,2,9,8,10,9
"323","m",1,7,"P",2,3,10,10,7,9
"324","m",1,7,"P",2,4,9,8,9,8
"325","m",1,7,"R",4,1,8,6,9,9
"326","m",1,7,"R",4,2,7,7,8,9
"327","m",1,7,"R",4,3,8,7,9,8
"328","m",1,7,"R",4,4,6,6,9,7
"329","m",1,9,"R",4,1,3,NA,8.5,8
"330","m",1,9,"R",4,2,7.5,NA,8.5,8
"331","m",1,9,"R",4,3,8,NA,9,8
"332","m",1,9,"R",4,4,3.5,NA,10,8
"333","m",1,9,"R",5,1,3.5,NA,9,8.5
"334","m",1,9,"R",5,2,9.5,NA,10,9
"335","m",1,9,"R",5,3,9.5,NA,10,10
"336","m",1,9,"R",5,4,9.5,NA,10,10
"337","m",1,10,"P",2,1,7,7,6,8
"338","m",1,10,"P",2,2,6,8,8,8
"339","m",1,10,"P",2,3,9,8,8,9
"340","m",1,10,"P",2,4,7,9,8,9
"341","m",2,1,"P",0,1,9,9,10,10
"342","m",2,1,"P",0,2,10,10,10,10
"343","m",2,1,"P",0,3,10,8,10,10
"344","m",2,1,"P",0,4,10,9,10,10
"345","m",2,1,"P",1,1,9,7,10,9
"346","m",2,1,"P",1,2,9,7,10,9
"347","m",2,1,"P",1,3,9,6,10,8
"348","m",2,1,"P",1,4,NA,NA,NA,NA
"349","m",2,1,"P",2,1,5,8,3,8
"350","m",2,1,"P",2,2,6,8,4,8
"351","m",2,1,"P",2,3,6,8,4,8
"352","m",2,1,"P",2,4,7,8,3,8
"353","m",2,1,"P",3,1,7,7,8,8
"354","m",2,1,"P",3,2,6,6,8,7
"355","m",2,1,"P",3,3,7,7,7,8
"356","m",2,1,"P",3,4,NA,NA,NA,NA
"357","m",2,2,"P",1,1,9,7,10,8
"358","m",2,2,"P",1,2,10,9,10,9
"359","m",2,2,"P",1,3,8,7,9,8
"360","m",2,2,"P",1,4,NA,NA,NA,NA
"361","m",2,2,"P",3,1,7,8,6,6
"362","m",2,2,"P",3,2,6,6,5,6
"363","m",2,2,"P",3,3,6,6,4,5
"364","m",2,2,"P",3,4,NA,NA,NA,NA
"365","m",2,3,"P",2,1,8,7,8,7
"366","m",2,3,"P",2,2,7,5,5,6
"367","m",2,3,"P",2,3,7,5,4,6
"368","m",2,3,"P",2,4,5,6,7,6
"369","m",2,3,"P",3,1,8,8,9,7
"370","m",2,3,"P",3,2,7,8,8,7
"371","m",2,3,"P",3,3,6,8,5,7
"372","m",2,3,"P",3,4,NA,NA,NA,NA
"373","m",2,3,"R",4,1,5,6,6,7
"374","m",2,3,"R",4,2,6,4,6,7
"375","m",2,3,"R",4,3,4,4,6,5
"376","m",2,3,"R",4,4,2,3,6,6
"377","m",2,3,"R",5,1,6,6,6,6
"378","m",2,3,"R",5,2,5,5,5,6
"379","m",2,3,"R",5,3,4,6,6,6
"380","m",2,3,"R",5,4,4,5,6,6
"381","m",2,3,"R",6,1,9,8,6,9
"382","m",2,3,"R",6,2,8,7.5,8.5,9
"383","m",2,3,"R",6,3,7.5,7,6.5,6
"384","m",2,3,"R",6,4,6,4.5,9.5,9
"385","m",2,4,"P",1,1,9,9,10,8
"386","m",2,4,"P",1,2,9,8,10,7
"387","m",2,4,"P",1,3,8,7,10,7
"388","m",2,4,"P",1,4,NA,NA,NA,NA
"389","m",2,4,"P",3,1,9,9,9,9
"390","m",2,4,"P",3,2,8,8,7,8
"391","m",2,4,"P",3,3,6,7,5,5
"392","m",2,4,"P",3,4,NA,NA,NA,NA
"393","m",2,4,"R",6,1,8,6.5,NA,6
"394","m",2,4,"R",6,2,8.5,6.5,NA,9
"395","m",2,4,"R",6,3,7,6,NA,9.5
"396","m",2,4,"R",6,4,6,7,NA,6
"397","m",2,5,"P",2,1,2,8,2,6
"398","m",2,5,"P",2,2,4,5,6,6
"399","m",2,5,"P",2,3,7,8,3,7
"400","m",2,5,"P",2,4,6,7,8,7
"401","m",2,5,"R",4,1,8.5,7.5,8.5,8.5
"402","m",2,5,"R",4,2,5.5,8.5,6.5,8.5
"403","m",2,5,"R",4,3,7.5,7.5,8.5,8.5
"404","m",2,5,"R",4,4,6.5,8.5,7.5,8.5
"405","m",2,5,"R",5,1,4.5,7.5,8.5,8.5
"406","m",2,5,"R",5,2,3.5,5.5,7.5,7.5
"407","m",2,5,"R",5,3,3.5,5.5,7.5,7.5
"408","m",2,5,"R",5,4,3.5,5.5,7.5,7.5
"409","m",2,6,"R",5,1,8,6,4,7
"410","m",2,6,"R",5,2,9,8,8,8
"411","m",2,6,"R",5,3,7,7,8,8
"412","m",2,6,"R",5,4,9,9,9,9
"413","m",2,6,"R",6,1,9,8,9,9
"414","m",2,6,"R",6,2,10,9,10,10
"415","m",2,6,"R",6,3,9,6,9,9
"416","m",2,6,"R",6,4,9,5,9,9
"417","m",2,7,"P",3,1,9,NA,8,9
"418","m",2,7,"P",3,2,7,NA,8,8
"419","m",2,7,"P",3,3,7,NA,8,8
"420","m",2,7,"P",3,4,NA,NA,NA,NA
"421","m",2,7,"R",5,1,7,9,8,10
"422","m",2,7,"R",5,2,8,8,9,8
"423","m",2,7,"R",5,3,7.5,8.5,9,8
"424","m",2,7,"R",5,4,10,8,9.5,9.5
"425","m",2,8,"P",1,1,10,10,9,8
"426","m",2,8,"P",1,2,10,10,10,9
"427","m",2,8,"P",1,3,9,NA,9,9
"428","m",2,8,"P",1,4,NA,NA,NA,NA
"429","m",2,9,"P",0,1,10,10,9,9
"430","m",2,9,"P",0,2,9,9,9,9
"431","m",2,9,"P",0,3,10,10,10,9
"432","m",2,9,"P",0,4,10,NA,10,9
"433","m",2,9,"R",4,1,8,8,8,10
"434","m",2,9,"R",4,2,8,8,8,10
"435","m",2,9,"R",4,3,7,8,8,10
"436","m",2,9,"R",4,4,5,8,8,10
"437","m",2,9,"R",5,1,8,9,8,9
"438","m",2,9,"R",5,2,9,9,8,9
"439","m",2,9,"R",5,3,8.5,9,8,9
"440","m",2,9,"R",5,4,9,9,8,9
"441","m",2,9,"R",6,1,8,NA,7,8
"442","m",2,9,"R",6,2,9,NA,9,7
"443","m",2,9,"R",6,3,8,NA,8,7
"444","m",2,9,"R",6,4,7,NA,8,6
"445","m",2,10,"P",1,1,8,7,8,8
"446","m",2,10,"P",1,2,7,7,8,7
"447","m",2,10,"P",1,3,8,7,7,7
"448","m",2,10,"P",1,4,NA,NA,NA,NA
"449","m",2,10,"P",2,1,8,6,9,8
"450","m",2,10,"P",2,2,8,6,8,7
"451","m",2,10,"P",2,3,7,7,7,8
"452","m",2,10,"P",2,4,6,5,8,6
"453","m",2,11,"P",0,1,8,7,7,7
"454","m",2,11,"P",0,2,5,6,8,7
"455","m",2,11,"P",0,3,7,6,7,7
"456","m",2,11,"P",0,4,8,8,7,6
"457","m",2,11,"P",3,1,6,7,7,7
"458","m",2,11,"P",3,2,5,6,8,7
"459","m",2,11,"P",3,3,6,7,7,7
"460","m",2,11,"P",3,4,NA,NA,NA,NA
"461","m",2,12,"R",4,1,8.5,7.5,8.5,8
"462","m",2,12,"R",4,2,9.5,8.5,6.5,8
"463","m",2,12,"R",4,3,7.5,8.5,6.5,8
"464","m",2,12,"R",4,4,1.5,8.5,9.5,8
"465","m",2,13,"P",2,1,7,9,9,8
"466","m",2,13,"P",2,2,9,9,9,8
"467","m",2,13,"P",2,3,9,8,8,9
"468","m",2,13,"P",2,4,6,7,8,7
"469","m",2,14,"R",4,1,7,8,8,8
"470","m",2,14,"R",4,2,8,7,8,8
"471","m",2,14,"R",4,3,6,7,7,7
"472","m",2,14,"R",4,4,7,7,7,8
"473","m",3,1,"P",0,1,8,9,8,10
"474","m",3,1,"P",0,2,7,9,9,10
"475","m",3,1,"P",0,3,7,9,9,9
"476","m",3,1,"P",0,4,10,10,9,10
"477","m",3,1,"P",2,1,8,8,8,9
"478","m",3,1,"P",2,2,6,7,6,8
"479","m",3,1,"P",2,3,8,8,6,6
"480","m",3,1,"P",2,4,9,8,9,9
"481","m",3,1,"P",3,1,8,7,7,7
"482","m",3,1,"P",3,2,8,7,7,7
"483","m",3,1,"P",3,3,7,7,7,7
"484","m",3,1,"P",3,4,NA,NA,NA,NA
"485","m",3,1,"R",4,1,6,6,6,8
"486","m",3,1,"R",4,2,3.5,6,6,8
"487","m",3,1,"R",4,3,5,6,6,8
"488","m",3,1,"R",4,4,4,6,6,8
"489","m",3,1,"R",5,1,3.5,5.5,5.5,9
"490","m",3,1,"R",5,2,2,5.5,7,9
"491","m",3,1,"R",5,3,2,5.5,6,9
"492","m",3,1,"R",5,4,3,5.5,8,9
"493","m",3,2,"P",1,1,7,9,10,9
"494","m",3,2,"P",1,2,9,9,10,9
"495","m",3,2,"P",1,3,9,8,10,9
"496","m",3,2,"P",1,4,NA,NA,NA,NA
"497","m",3,2,"R",4,1,4,7,NA,7.5
"498","m",3,2,"R",4,2,9,7,NA,7
"499","m",3,2,"R",4,3,5,7,NA,6.5
"500","m",3,2,"R",4,4,5,7,NA,6
"501","m",3,2,"R",5,1,1,7,3,6
"502","m",3,2,"R",5,2,6,7,2,6
"503","m",3,2,"R",5,3,1,7,5,6
"504","m",3,2,"R",5,4,9,7,9,6
"505","m",3,3,"P",0,1,9,9,6,8
"506","m",3,3,"P",0,2,7,8,5,7
"507","m",3,3,"P",0,3,9,9,7,8
"508","m",3,3,"P",0,4,8,8,4,8
"509","m",3,3,"P",2,1,7,3,8,9
"510","m",3,3,"P",2,2,9,4,8,9
"511","m",3,3,"P",2,3,7,2,4,8
"512","m",3,3,"P",2,4,3,2,6,8
"513","m",3,4,"P",0,1,8,8,7,8
"514","m",3,4,"P",0,2,7,7,7,7
"515","m",3,4,"P",0,3,6,7,3,6
"516","m",3,4,"P",0,4,3,4,2,2
"517","m",3,4,"P",1,1,7,7,8,8
"518","m",3,4,"P",1,2,8,7,7,7
"519","m",3,4,"P",1,3,7,7,6,6
"520","m",3,4,"P",1,4,NA,NA,NA,NA
"521","m",3,5,"P",0,1,8,8,9,7
"522","m",3,5,"P",0,2,5,7,2,4
"523","m",3,5,"P",0,3,6,4,6,4
"524","m",3,5,"P",0,4,3,5,8,5
"525","m",3,5,"P",1,1,7,7,9,8
"526","m",3,5,"P",1,2,8,8,8,4
"527","m",3,5,"P",1,3,6,7,8,5
"528","m",3,5,"P",1,4,NA,NA,NA,NA
"529","m",3,5,"P",2,1,1,4,5,8
"530","m",3,5,"P",2,2,4,4,7,6
"531","m",3,5,"P",2,3,1,3,4,4
"532","m",3,5,"P",2,4,1,3,6,3
"533","m",3,5,"R",6,1,3,5,7,8
"534","m",3,5,"R",6,2,6,7,4,5
"535","m",3,5,"R",6,3,7,7,4,6
"536","m",3,5,"R",6,4,8,6,7,8
"537","m",3,6,"P",0,1,6,7,4,7
"538","m",3,6,"P",0,2,5,7,5,7
"539","m",3,6,"P",0,3,7,8,6,6
"540","m",3,6,"P",0,4,7,7,3,5
"541","m",3,6,"P",1,1,8,8,7,6
"542","m",3,6,"P",1,2,7,8,7,5
"543","m",3,6,"P",1,3,7,7,7,4
"544","m",3,6,"P",1,4,NA,NA,NA,NA
"545","m",3,6,"P",3,1,6,6,5,5
"546","m",3,6,"P",3,2,6,6,7,6
"547","m",3,6,"P",3,3,6,6,5,6
"548","m",3,6,"P",3,4,NA,NA,NA,NA
"549","m",3,6,"R",6,1,3,4,4,8
"550","m",3,6,"R",6,2,8,8,8,8
"551","m",3,6,"R",6,3,7,8,8,8
"552","m",3,6,"R",6,4,9,10,8,9
"553","m",3,7,"P",0,1,5,7,5,7
"554","m",3,7,"P",0,2,3,7,6,6
"555","m",3,7,"P",0,3,1,3,6,2
"556","m",3,7,"P",0,4,8,7,6,8
"557","m",3,7,"P",1,1,7,8,8,8
"558","m",3,7,"P",1,2,7,8,8,8
"559","m",3,7,"P",1,3,7,8,8,8
"560","m",3,7,"P",1,4,NA,NA,NA,NA
"561","m",3,7,"P",3,1,10,9,8,5
"562","m",3,7,"P",3,2,7,3,3,5
"563","m",3,7,"P",3,3,4,2,1,6
"564","m",3,7,"P",3,4,NA,NA,NA,NA
"565","m",3,7,"R",6,1,6,6.5,8.5,7.5
"566","m",3,7,"R",6,2,7,8.5,7.5,7.5
"567","m",3,7,"R",6,3,5.5,7,6.5,7.5
"568","m",3,7,"R",6,4,4.5,7,6,8.5
"569","m",3,8,"P",0,1,7,8,5,8
"570","m",3,8,"P",0,2,5,8,7,8
"571","m",3,8,"P",0,3,6,7,7,8
"572","m",3,8,"P",0,4,8,9,7,7
"573","m",3,8,"P",1,1,5,8,8,8
"574","m",3,8,"P",1,2,8,7,7,7
"575","m",3,8,"P",1,3,9,6,8,2
"576","m",3,8,"P",1,4,NA,NA,NA,NA
"577","m",3,8,"P",3,1,8,8,7,9
"578","m",3,8,"P",3,2,8,8,8,9
"579","m",3,8,"P",3,3,7,8,7,9
"580","m",3,8,"P",3,4,NA,NA,NA,NA
"581","m",3,8,"R",6,1,4,6,4,9
"582","m",3,8,"R",6,2,5,7,4,8
"583","m",3,8,"R",6,3,3,5,4,9
"584","m",3,8,"R",6,4,5,7,4,8
"585","m",3,9,"P",1,1,7,7,8,6
"586","m",3,9,"P",1,2,8,8,7,5
"587","m",3,9,"P",1,3,4,5,6,4
"588","m",3,9,"P",1,4,NA,NA,NA,NA
"589","m",3,9,"P",2,1,5,8,3,9
"590","m",3,9,"P",2,2,7,8,5,8
"591","m",3,9,"P",2,3,9,7,7,8
"592","m",3,9,"P",2,4,9,7,8,8
"593","m",3,9,"P",3,1,7,8,6,8
"594","m",3,9,"P",3,2,7,7,5,8
"595","m",3,9,"P",3,3,8,8,5,8
"596","m",3,9,"P",3,4,NA,NA,NA,NA
"597","m",3,10,"P",0,1,6,7,6,7
"598","m",3,10,"P",0,2,6,7,7,7
"599","m",3,10,"P",0,3,8,8,7,1
"600","m",3,10,"P",0,4,6,8,7,8
"601","m",3,10,"P",1,1,8,7,8,8
"602","m",3,10,"P",1,2,7,6,8,7
"603","m",3,10,"P",1,3,6,6,7,7
"604","m",3,10,"P",1,4,NA,NA,NA,NA
"605","m",3,10,"P",3,1,5,7,6,8
"606","m",3,10,"P",3,2,7,8,4,8
"607","m",3,10,"P",3,3,8,8,7,8
"608","m",3,10,"P",3,4,NA,NA,NA,NA
"609","m",3,11,"P",0,1,7,5,8,6
"610","m",3,11,"P",0,2,8,7,8,8
"611","m",3,11,"P",0,3,10,9,8,8
"612","m",3,11,"P",0,4,10,10,9,9
"613","m",3,11,"P",3,1,9,9,NA,9
"614","m",3,11,"P",3,2,8,9,NA,9
"615","m",3,11,"P",3,3,6,8,NA,9
"616","m",3,11,"P",3,4,NA,NA,NA,NA
"617","m",3,12,"P",1,1,4,5,5,6
"618","m",3,12,"P",1,2,2,4,5,5
"619","m",3,12,"P",1,3,4,5,5,5
"620","m",3,12,"P",1,4,NA,NA,NA,NA
"621","m",3,12,"P",3,1,9,8,8,8
"622","m",3,12,"P",3,2,7,7,7,7
"623","m",3,12,"P",3,3,6,6,6,6
"624","m",3,12,"P",3,4,NA,NA,NA,NA
"625","m",3,12,"R",5,1,6,NA,3,NA
"626","m",3,12,"R",5,2,2,NA,7,NA
"627","m",3,12,"R",5,3,4,NA,4,NA
"628","m",3,12,"R",5,4,7,NA,6,NA
"629","m",3,13,"P",3,1,10,10,10,10
"630","m",3,13,"P",3,2,10,10,10,10
"631","m",3,13,"P",3,3,10,10,10,10
"632","m",3,13,"P",3,4,NA,NA,NA,NA
"633","m",3,16,"P",0,1,9,NA,3,9
"634","m",3,16,"P",0,2,7,NA,5,9
"635","m",3,16,"P",0,3,9,NA,5,9
"636","m",3,16,"P",0,4,5,NA,6,9
"637","m",3,17,"P",0,1,8,7,7,7
"638","m",3,17,"P",0,2,8,8,7,8
"639","m",3,17,"P",0,3,8,8,7,8
"640","m",3,17,"P",0,4,5,6,5,7
"641","m",4,1,"P",1,1,5,6,7,7
"642","m",4,1,"P",1,2,8,8,7,7
"643","m",4,1,"P",1,3,7,7,8,7
"644","m",4,1,"P",1,4,NA,NA,NA,NA
"645","m",4,1,"P",2,1,3,5,7,7
"646","m",4,1,"P",2,2,9,8,8,7
"647","m",4,1,"P",2,3,6,5,7,7
"648","m",4,1,"P",2,4,6,4,5,6
"649","m",4,1,"P",3,1,8,8,8,9
"650","m",4,1,"P",3,2,7,7,8,8
"651","m",4,1,"P",3,3,7,7,8,8
"652","m",4,1,"P",3,4,NA,NA,NA,NA
"653","m",4,1,"R",4,1,7,8,8,8
"654","m",4,1,"R",4,2,7,8,8,8
"655","m",4,1,"R",4,3,7,7,8,8
"656","m",4,1,"R",4,4,5,6,8,8
"657","m",4,1,"R",5,1,9,9,9,9
"658","m",4,1,"R",5,2,1,NA,NA,NA
"659","m",4,1,"R",5,3,10,6,7,7
"660","m",4,1,"R",5,4,10,8.5,9,8
"661","m",4,2,"P",0,1,6,8,6,9
"662","m",4,2,"P",0,2,5,7,7,8
"663","m",4,2,"P",0,3,7,8,7,8
"664","m",4,2,"P",0,4,9,9,7,7
"665","m",4,2,"R",4,1,5,5,5,6
"666","m",4,2,"R",4,2,5,5,5,6
"667","m",4,2,"R",4,3,6,6,6,6
"668","m",4,2,"R",4,4,5,5,6,6
"669","m",4,3,"P",0,1,2,5,3,7
"670","m",4,3,"P",0,2,6,NA,7,7
"671","m",4,3,"P",0,3,8,8,7,6
"672","m",4,3,"P",0,4,5,NA,6,6
"673","m",4,3,"P",1,1,3,NA,6,3
"674","m",4,3,"P",1,2,8,NA,6,7
"675","m",4,3,"P",1,3,7,NA,7,5
"676","m",4,3,"P",1,4,NA,NA,NA,NA
"677","m",4,3,"P",3,1,7,7,6,8
"678","m",4,3,"P",3,2,8,8,7,8
"679","m",4,3,"P",3,3,8,8,7,8
"680","m",4,3,"P",3,4,NA,NA,NA,NA
"681","m",4,3,"R",4,1,7,6,7,8
"682","m",4,3,"R",4,2,4,4,7,7
"683","m",4,3,"R",4,3,7,6,7,5
"684","m",4,3,"R",4,4,4,5,7,5
"685","m",4,3,"R",5,1,8,8,7,9
"686","m",4,3,"R",5,2,10,8,7,9
"687","m",4,3,"R",5,3,3,7,6,9
"688","m",4,3,"R",5,4,7,7,8,9
"689","m",4,4,"P",0,1,7,8,NA,8
"690","m",4,4,"P",0,2,5,7,NA,8
"691","m",4,4,"P",0,3,6,7,NA,8
"692","m",4,4,"P",0,4,4,6,NA,8
"693","m",4,4,"P",1,1,5,5,5,3
"694","m",4,4,"P",1,2,7,6,8,5
"695","m",4,4,"P",1,3,7,5,8,5
"696","m",4,4,"P",1,4,NA,NA,NA,NA
"697","m",4,4,"P",2,1,9,9,6,8
"698","m",4,4,"P",2,2,8,8,8,7
"699","m",4,4,"P",2,3,9,8,6,6
"700","m",4,4,"P",2,4,5,7,6,6
"701","m",4,4,"R",5,1,5,4,3,5
"702","m",4,4,"R",5,2,7,6,6,6
"703","m",4,4,"R",5,3,2,5,5,6
"704","m",4,4,"R",5,4,6,7,6,7
"705","m",4,5,"P",2,1,3,5,3,7
"706","m",4,5,"P",2,2,6,6,4,6
"707","m",4,5,"P",2,3,9,7,9,7
"708","m",4,5,"P",2,4,5,4,7,6
"709","m",4,5,"R",5,1,10,10,10,9
"710","m",4,5,"R",5,2,8,8,9.5,10
"711","m",4,5,"R",5,3,8,8,9.5,10
"712","m",4,5,"R",5,4,10,8,10,10
"713","m",4,5,"R",6,1,8.5,5,7,7.5
"714","m",4,5,"R",6,2,8,5,7.2,7.5
"715","m",4,5,"R",6,3,7,5,7.5,7
"716","m",4,5,"R",6,4,5,4.5,7.5,8
"717","m",4,6,"P",2,1,1,7,6,8
"718","m",4,6,"P",2,2,6,8,2,5
"719","m",4,6,"P",2,3,1,3,3,5
"720","m",4,6,"P",2,4,3,5,7,6
"721","m",4,6,"P",3,1,8,9,8,9
"722","m",4,6,"P",3,2,8,8,9,9
"723","m",4,6,"P",3,3,9,9,10,10
"724","m",4,6,"P",3,4,NA,NA,NA,NA
"725","m",4,6,"R",6,1,7,6,6,8
"726","m",4,6,"R",6,2,7,7,7,9
"727","m",4,6,"R",6,3,8,8,8,9
"728","m",4,6,"R",6,4,10,8,8,9
"729","m",4,7,"P",1,1,5,8,8,NA
"730","m",4,7,"P",1,2,7,8,8,NA
"731","m",4,7,"P",1,3,6,8,8,NA
"732","m",4,7,"P",1,4,NA,NA,NA,NA
"733","m",4,8,"P",1,1,8,7,8,8
"734","m",4,8,"P",1,2,7,6,8,8
"735","m",4,8,"P",1,3,6,6,7,6
"736","m",4,8,"P",1,4,NA,NA,NA,NA
"737","m",4,8,"P",2,1,5,5,8,6
"738","m",4,8,"P",2,2,5,5,6,6
"739","m",4,8,"P",2,3,6,5,5,7
"740","m",4,8,"P",2,4,5,6,8,7
"741","m",4,8,"R",6,1,6,4,6,9
"742","m",4,8,"R",6,2,7,5,6,9
"743","m",4,8,"R",6,3,7,4,6,7
"744","m",4,8,"R",6,4,7,4,6,6
"745","m",4,9,"R",4,1,7,7,7,8
"746","m",4,9,"R",4,2,8,9,8,8
"747","m",4,9,"R",4,3,4,6,7,8
"748","m",4,9,"R",4,4,5,7,5,8
"749","m",4,9,"R",6,1,4.5,8,9,10
"750","m",4,9,"R",6,2,4.5,8,9,10
"751","m",4,9,"R",6,3,4,7.5,9,10
"752","m",4,9,"R",6,4,3.7,7,9,10
"753","m",4,10,"R",5,1,7,8,6,9
"754","m",4,10,"R",5,2,9,7,9,9
"755","m",4,10,"R",5,3,8,8,7,9
"756","m",4,10,"R",5,4,7,8,8,9
"757","m",4,10,"R",6,1,2,5,8,8
"758","m",4,10,"R",6,2,1,5,8,8
"759","m",4,10,"R",6,3,1,5,8,8
"760","m",4,10,"R",6,4,1.5,5,8,8
"761","m",4,11,"P",0,1,5,9,7,8
"762","m",4,11,"P",0,2,7,9,7,8
"763","m",4,11,"P",0,3,8,3,7,5
"764","m",4,11,"P",0,4,9,8,7,8
"765","m",4,11,"R",5,1,3.5,7,4,7
"766","m",4,11,"R",5,2,2,5.5,3,7
"767","m",4,11,"R",5,3,2,6,3,7
"768","m",4,11,"R",5,4,2,6,4,7
"769","m",4,12,"R",4,1,7,8,4,NA
"770","m",4,12,"R",4,2,6,7,6,NA
"771","m",4,12,"R",4,3,4,7,7,NA
"772","m",4,12,"R",4,4,3,6,8,NA
"773","m",4,12,"R",5,1,6,7,4,5
"774","m",4,12,"R",5,2,6,7,3,5
"775","m",4,12,"R",5,3,3,5,4,5
"776","m",4,12,"R",5,4,7,4,5,6
"777","m",4,13,"R",4,1,6,5,7,9
"778","m",4,13,"R",4,2,4,5,6,9
"779","m",4,13,"R",4,3,4,5,7,9
"780","m",4,13,"R",4,4,3,5,6,9
"781","m",4,14,"R",5,1,9,7.5,9.5,7.5
"782","m",4,14,"R",5,2,9.5,7.5,7,8.5
"783","m",4,14,"R",5,3,5.5,9,7,7.5
"784","m",4,14,"R",5,4,9.5,7.5,8.5,9
"785","m",4,16,"P",0,1,3,6,8,8
"786","m",4,16,"P",0,2,4,5,8,6
"787","m",4,16,"P",0,3,6,8,6,2
"788","m",4,16,"P",0,4,6,7,8,8
"789","m",5,1,"R",5,1,8,5,8,9
"790","m",5,1,"R",5,2,1,5,5,9
"791","m",5,1,"R",5,3,4.5,5,8,9
"792","m",5,1,"R",5,4,5.5,5,8.5,9
"793","m",5,2,"R",5,1,5,7,6,8
"794","m",5,2,"R",5,2,3,7,7,7
"795","m",5,2,"R",5,3,5,7,8,7
"796","m",5,2,"R",5,4,7,7,9,7
"797","m",5,5,"P",2,1,3,7,6,9
"798","m",5,5,"P",2,2,6,7,6,8
"799","m",5,5,"P",2,3,NA,NA,NA,NA
"800","m",5,5,"P",2,4,NA,NA,NA,NA
"801","m",5,5,"R",5,1,8.5,8.5,6.5,9
"802","m",5,5,"R",5,2,7.5,8.5,6.5,9.5
"803","m",5,5,"R",5,3,9,7.5,6.5,9
"804","m",5,5,"R",5,4,8,9.5,9.5,10
"805","m",5,6,"P",2,1,5,6,6,6
"806","m",5,6,"P",2,2,5,6,8,7
"807","m",5,6,"P",2,3,NA,NA,NA,NA
"808","m",5,6,"P",2,4,NA,NA,NA,NA
"809","m",5,6,"R",4,1,8,6,9,9
"810","m",5,6,"R",4,2,7,7,8,9
"811","m",5,6,"R",4,3,7,7,7,9
"812","m",5,6,"R",4,4,8,7,9,10
"813","m",5,6,"R",6,1,8,6,8,8
"814","m",5,6,"R",6,2,4,6,8,8
"815","m",5,6,"R",6,3,4,7,8,8
"816","m",5,6,"R",6,4,9,9,8,9
"817","m",5,7,"R",4,1,5,7,8,9
"818","m",5,7,"R",4,2,6,8,10,8
"819","m",5,7,"R",4,3,8,8,10,10
"820","m",5,7,"R",4,4,7,8,10,10
"821","m",5,7,"R",5,1,8,8,8,8
"822","m",5,7,"R",5,2,3,8,8,8
"823","m",5,7,"R",5,3,3,7,8,8
"824","m",5,7,"R",5,4,8,8,8,8
"825","m",5,8,"P",3,1,7,7,8,8
"826","m",5,8,"P",3,2,7,7,7,7
"827","m",5,8,"P",3,3,6,6,7,6
"828","m",5,8,"P",3,4,NA,NA,NA,NA
"829","m",5,8,"R",5,1,7,8,7,8
"830","m",5,8,"R",5,2,4,6,6,7
"831","m",5,8,"R",5,3,3,6,6,7
"832","m",5,8,"R",5,4,8,7,9,8
"833","m",5,9,"P",2,1,8,7,5,9
"834","m",5,9,"P",2,2,7,6,6,8
"835","m",5,9,"P",2,3,7,5,6,8
"836","m",5,9,"P",2,4,6,6,6,8
"837","m",5,9,"P",3,1,6,NA,9,9
"838","m",5,9,"P",3,2,4,NA,8,9
"839","m",5,9,"P",3,3,2,NA,5,8
"840","m",5,9,"P",3,4,NA,NA,NA,NA
"841","m",5,11,"P",2,1,4,4,3,4
"842","m",5,11,"P",2,2,3,3,2,3
"843","m",5,11,"P",2,3,8,6,7,9
"844","m",5,11,"P",2,4,5,6,4,6
"845","m",5,12,"P",2,1,6,7,7,8
"846","m",5,12,"P",2,2,7,7,7,7
"847","m",5,12,"P",2,3,7,7,5,7
"848","m",5,12,"P",2,4,7,7,8,7
"849","m",5,14,"R",4,1,8,7.5,7.5,7
"850","m",5,14,"R",4,2,4.5,7.5,4.5,7
"851","m",5,14,"R",4,3,8.5,6.5,9.5,7
"852","m",5,14,"R",4,4,8.5,9.5,8.5,7
"853","m",6,5,"P",2,1,6,6,7,8
"854","m",6,5,"P",2,2,9,7,9,9
"855","m",6,5,"P",2,3,6,7,7,8
"856","m",6,5,"P",2,4,7,7,6,8
"857","m",6,5,"R",4,1,6,6,9,9
"858","m",6,5,"R",4,2,8,9,7,8
"859","m",6,5,"R",4,3,7,8,8,9
"860","m",6,5,"R",4,4,6,7,9,8
"861","m",6,5,"R",5,1,5,9,8,9.5
"862","m",6,5,"R",5,2,8,6.5,7.5,8.5
"863","m",6,5,"R",5,3,6.5,7,8,10
"864","m",6,5,"R",5,4,9,9,10,9.5
"865","m",6,6,"P",2,1,3,7,5,8
"866","m",6,6,"P",2,2,5,8,6,7
"867","m",6,6,"P",2,3,7,8,7,8
"868","m",6,6,"P",2,4,3,9,7,8
"869","m",6,7,"R",4,1,7,6.5,10,9
"870","m",6,7,"R",4,2,8,6.5,10,9
"871","m",6,7,"R",4,3,8.5,6.5,9.5,9
"872","m",6,7,"R",4,4,8,6.5,8,9
"873","m",6,7,"R",5,1,9,8,8,9
"874","m",6,7,"R",5,2,8,8,8,10
"875","m",6,7,"R",5,3,10,9,10,10
"876","m",6,7,"R",5,4,10,8,10,10
"877","m",6,9,"R",4,1,8.5,6,4,7
"878","m",6,9,"R",4,2,5,4.5,6,7
"879","m",6,9,"R",4,3,6,4,7,7
"880","m",6,9,"R",4,4,7,4.5,7,7
"881","m",6,9,"R",5,1,8,7,6,7
"882","m",6,9,"R",5,2,6,6,6,7
"883","m",6,9,"R",5,3,8,7,6,8
"884","m",6,9,"R",5,4,7.5,8,9,7
"885","m",6,10,"P",2,1,7,7,8,8
"886","m",6,10,"P",2,2,6,7,5,7
"887","m",6,10,"P",2,3,7,7,5,9
"888","m",6,10,"P",2,4,5,5,7,7
"889","m",6,11,"R",4,1,6,6,7,6
"890","m",6,11,"R",4,2,5,7,8,6
"891","m",6,11,"R",4,3,9,6,9,7
"892","m",6,11,"R",4,4,8,7,9,9
"893","m",6,12,"P",2,1,5,5,6,4
"894","m",6,12,"P",2,2,7,6,7,7
"895","m",6,12,"P",2,3,7,7,3,5
"896","m",6,12,"P",2,4,6,5,10,7
"897","m",6,13,"P",2,1,3,7,7,9
"898","m",6,13,"P",2,2,4,7,6,10
"899","m",6,13,"P",2,3,4,7,7,10
"900","m",6,13,"P",2,4,2,6,6,10
"901","m",6,13,"R",4,1,5,7,6,9.5
"902","m",6,13,"R",4,2,7,7,6,9.5
"903","m",6,13,"R",4,3,7,7.5,6.5,9.5
"904","m",6,13,"R",4,4,6,8,7,9.5
